﻿Date Run,Status,Time,# of Errors,# of Warnings,# of Exceptions,Log File,Return Value,Error Message,# of Successes
2016-06-06 15:49:14.408 -0600,"Success",0:00:00,0,3,0,"20160606_154914.408/LogFile.txt","","",1
2016-06-06 15:49:56.559 -0600,"Success",0:00:00,0,3,0,"20160606_154956.559/LogFile.txt","","",1
2016-06-08 13:05:11.227 -0600,"Success",0:00:00,0,3,0,"20160608_130511.227/LogFile.txt","","",1
2016-06-20 15:01:06.185 -0600,"Success",0:00:00,0,2,0,"20160620_150106.185/LogFile.txt","","",1
