﻿<?xml version="1.0"?>
<runHistory script="Cash-Feature">
 <run>
  <RunDate>2016-06-06 15:49:14.408 -0600</RunDate>
  <Status>Success</Status>
  <Duration>0.008555</Duration>
  <Errors>0</Errors>
  <Warnings>3</Warnings>
  <Exceptions>0</Exceptions>
  <Successes>1</Successes>
  <LogFile>20160606_154914.408/LogFile.txt</LogFile>
  <ReturnValue></ReturnValue>
  <ErrorMessage></ErrorMessage>
 </run>
 <run>
  <RunDate>2016-06-06 15:49:56.559 -0600</RunDate>
  <Status>Success</Status>
  <Duration>0.015813</Duration>
  <Errors>0</Errors>
  <Warnings>3</Warnings>
  <Exceptions>0</Exceptions>
  <Successes>1</Successes>
  <LogFile>20160606_154956.559/LogFile.txt</LogFile>
  <ReturnValue></ReturnValue>
  <ErrorMessage></ErrorMessage>
 </run>
 <run>
  <RunDate>2016-06-08 13:05:11.227 -0600</RunDate>
  <Status>Success</Status>
  <Duration>0.008890</Duration>
  <Errors>0</Errors>
  <Warnings>3</Warnings>
  <Exceptions>0</Exceptions>
  <Successes>1</Successes>
  <LogFile>20160608_130511.227/LogFile.txt</LogFile>
  <ReturnValue></ReturnValue>
  <ErrorMessage></ErrorMessage>
 </run>
 <run>
  <RunDate>2016-06-09 13:57:30.014 -0600</RunDate>
  <Status>Success</Status>
  <Duration>0.012457</Duration>
  <Errors>0</Errors>
  <Warnings>7</Warnings>
  <Exceptions>0</Exceptions>
  <Successes>1</Successes>
  <LogFile>20160609_135730.014/LogFile.txt</LogFile>
  <ReturnValue></ReturnValue>
  <ErrorMessage></ErrorMessage>
 </run>
 <run>
  <RunDate>2016-06-09 13:58:03.315 -0600</RunDate>
  <Status>Success</Status>
  <Duration>0.011042</Duration>
  <Errors>0</Errors>
  <Warnings>6</Warnings>
  <Exceptions>0</Exceptions>
  <Successes>1</Successes>
  <LogFile>20160609_135803.315/LogFile.txt</LogFile>
  <ReturnValue></ReturnValue>
  <ErrorMessage></ErrorMessage>
 </run>
 <run>
  <RunDate>2016-06-09 14:32:12.256 -0600</RunDate>
  <Status>Success</Status>
  <Duration>0.017198</Duration>
  <Errors>0</Errors>
  <Warnings>5</Warnings>
  <Exceptions>0</Exceptions>
  <Successes>2</Successes>
  <LogFile>20160609_143212.256/LogFile.txt</LogFile>
  <ReturnValue></ReturnValue>
  <ErrorMessage></ErrorMessage>
 </run>
 <run>
  <RunDate>2016-06-09 14:32:29.257 -0600</RunDate>
  <Status>Success</Status>
  <Duration>0.014209</Duration>
  <Errors>0</Errors>
  <Warnings>3</Warnings>
  <Exceptions>0</Exceptions>
  <Successes>6</Successes>
  <LogFile>20160609_143229.257/LogFile.txt</LogFile>
  <ReturnValue></ReturnValue>
  <ErrorMessage></ErrorMessage>
 </run>
 <run>
  <RunDate>2016-06-09 21:17:19.693 -0600</RunDate>
  <Status>Success</Status>
  <Duration>0.016290</Duration>
  <Errors>0</Errors>
  <Warnings>3</Warnings>
  <Exceptions>0</Exceptions>
  <Successes>6</Successes>
  <LogFile>20160609_211719.693/LogFile.txt</LogFile>
  <ReturnValue></ReturnValue>
  <ErrorMessage></ErrorMessage>
 </run>
 <run>
  <RunDate>2016-06-09 21:17:57.715 -0600</RunDate>
  <Status>Success</Status>
  <Duration>0.013575</Duration>
  <Errors>0</Errors>
  <Warnings>2</Warnings>
  <Exceptions>0</Exceptions>
  <Successes>8</Successes>
  <LogFile>20160609_211757.715/LogFile.txt</LogFile>
  <ReturnValue></ReturnValue>
  <ErrorMessage></ErrorMessage>
 </run>
 <run>
  <RunDate>2016-06-09 21:18:11.152 -0600</RunDate>
  <Status>Success</Status>
  <Duration>0.014509</Duration>
  <Errors>0</Errors>
  <Warnings>1</Warnings>
  <Exceptions>0</Exceptions>
  <Successes>10</Successes>
  <LogFile>20160609_211811.152/LogFile.txt</LogFile>
  <ReturnValue></ReturnValue>
  <ErrorMessage></ErrorMessage>
 </run>
 <run>
  <RunDate>2016-06-09 21:18:20.710 -0600</RunDate>
  <Status>Success</Status>
  <Duration>0.014115</Duration>
  <Errors>0</Errors>
  <Warnings>0</Warnings>
  <Exceptions>0</Exceptions>
  <Successes>12</Successes>
  <LogFile>20160609_211820.710/LogFile.txt</LogFile>
  <ReturnValue></ReturnValue>
  <ErrorMessage></ErrorMessage>
 </run>
 <run>
  <RunDate>2016-06-09 21:18:26.917 -0600</RunDate>
  <Status>Success</Status>
  <Duration>0.015636</Duration>
  <Errors>0</Errors>
  <Warnings>0</Warnings>
  <Exceptions>0</Exceptions>
  <Successes>12</Successes>
  <LogFile>20160609_211826.917/LogFile.txt</LogFile>
  <ReturnValue></ReturnValue>
  <ErrorMessage></ErrorMessage>
 </run>
 <run>
  <RunDate>2016-06-09 22:17:46.766 -0600</RunDate>
  <Status>Success</Status>
  <Duration>0.018527</Duration>
  <Errors>0</Errors>
  <Warnings>6</Warnings>
  <Exceptions>0</Exceptions>
  <Successes>12</Successes>
  <LogFile>20160609_221746.766/LogFile.txt</LogFile>
  <ReturnValue></ReturnValue>
  <ErrorMessage></ErrorMessage>
 </run>
 <run>
  <RunDate>2016-06-09 22:29:57.619 -0600</RunDate>
  <Status>Success</Status>
  <Duration>0.018368</Duration>
  <Errors>0</Errors>
  <Warnings>6</Warnings>
  <Exceptions>0</Exceptions>
  <Successes>12</Successes>
  <LogFile>20160609_222957.619/LogFile.txt</LogFile>
  <ReturnValue></ReturnValue>
  <ErrorMessage></ErrorMessage>
 </run>
 <run>
  <RunDate>2016-06-09 22:30:05.808 -0600</RunDate>
  <Status>Success</Status>
  <Duration>0.017904</Duration>
  <Errors>0</Errors>
  <Warnings>6</Warnings>
  <Exceptions>0</Exceptions>
  <Successes>12</Successes>
  <LogFile>20160609_223005.808/LogFile.txt</LogFile>
  <ReturnValue></ReturnValue>
  <ErrorMessage></ErrorMessage>
 </run>
 <run>
  <RunDate>2016-06-09 22:30:23.094 -0600</RunDate>
  <Status>Success</Status>
  <Duration>0.017552</Duration>
  <Errors>0</Errors>
  <Warnings>6</Warnings>
  <Exceptions>0</Exceptions>
  <Successes>12</Successes>
  <LogFile>20160609_223023.094/LogFile.txt</LogFile>
  <ReturnValue></ReturnValue>
  <ErrorMessage></ErrorMessage>
 </run>
 <run>
  <RunDate>2016-06-09 22:30:45.606 -0600</RunDate>
  <Status>Success</Status>
  <Duration>0.017515</Duration>
  <Errors>0</Errors>
  <Warnings>6</Warnings>
  <Exceptions>0</Exceptions>
  <Successes>12</Successes>
  <LogFile>20160609_223045.606/LogFile.txt</LogFile>
  <ReturnValue></ReturnValue>
  <ErrorMessage></ErrorMessage>
 </run>
 <run>
  <RunDate>2016-06-09 22:31:02.078 -0600</RunDate>
  <Status>Success</Status>
  <Duration>0.020040</Duration>
  <Errors>0</Errors>
  <Warnings>5</Warnings>
  <Exceptions>0</Exceptions>
  <Successes>14</Successes>
  <LogFile>20160609_223102.078/LogFile.txt</LogFile>
  <ReturnValue></ReturnValue>
  <ErrorMessage></ErrorMessage>
 </run>
 <run>
  <RunDate>2016-06-14 21:40:14.996 -0600</RunDate>
  <Status>Success</Status>
  <Duration>0.010972</Duration>
  <Errors>0</Errors>
  <Warnings>3</Warnings>
  <Exceptions>0</Exceptions>
  <Successes>1</Successes>
  <LogFile>20160614_214014.996/LogFile.txt</LogFile>
  <ReturnValue></ReturnValue>
  <ErrorMessage></ErrorMessage>
 </run>
 <run>
  <RunDate>2016-06-14 21:40:25.139 -0600</RunDate>
  <Status>Success</Status>
  <Duration>0.013243</Duration>
  <Errors>0</Errors>
  <Warnings>5</Warnings>
  <Exceptions>0</Exceptions>
  <Successes>1</Successes>
  <LogFile>20160614_214025.139/LogFile.txt</LogFile>
  <ReturnValue></ReturnValue>
  <ErrorMessage></ErrorMessage>
 </run>
 <run>
  <RunDate>2016-06-14 21:41:05.566 -0600</RunDate>
  <Status>Success</Status>
  <Duration>0.009089</Duration>
  <Errors>0</Errors>
  <Warnings>3</Warnings>
  <Exceptions>0</Exceptions>
  <Successes>1</Successes>
  <LogFile>20160614_214105.566/LogFile.txt</LogFile>
  <ReturnValue></ReturnValue>
  <ErrorMessage></ErrorMessage>
 </run>
 <run>
  <RunDate>2016-06-20 16:49:44.921 -0600</RunDate>
  <Status>Success</Status>
  <Duration>0.023169</Duration>
  <Errors>0</Errors>
  <Warnings>10</Warnings>
  <Exceptions>0</Exceptions>
  <Successes>2</Successes>
  <LogFile>20160620_164944.921/LogFile.txt</LogFile>
  <ReturnValue></ReturnValue>
  <ErrorMessage></ErrorMessage>
 </run>
 <run>
  <RunDate>2016-06-21 17:28:39.207 -0600</RunDate>
  <Status>Success</Status>
  <Duration>0.041974</Duration>
  <Errors>0</Errors>
  <Warnings>10</Warnings>
  <Exceptions>0</Exceptions>
  <Successes>2</Successes>
  <LogFile>20160621_172839.207/LogFile.txt</LogFile>
  <ReturnValue></ReturnValue>
  <ErrorMessage></ErrorMessage>
 </run>
 <run>
  <RunDate>2016-06-27 13:30:24.548 -0600</RunDate>
  <Status>Success</Status>
  <Duration>0.020250</Duration>
  <Errors>0</Errors>
  <Warnings>10</Warnings>
  <Exceptions>0</Exceptions>
  <Successes>2</Successes>
  <LogFile>20160627_133024.548/LogFile.txt</LogFile>
  <ReturnValue></ReturnValue>
  <ErrorMessage></ErrorMessage>
 </run>
 <run>
  <RunDate>2016-06-27 13:30:51.456 -0600</RunDate>
  <Status>Success</Status>
  <Duration>0.018517</Duration>
  <Errors>0</Errors>
  <Warnings>10</Warnings>
  <Exceptions>0</Exceptions>
  <Successes>2</Successes>
  <LogFile>20160627_133051.456/LogFile.txt</LogFile>
  <ReturnValue></ReturnValue>
  <ErrorMessage></ErrorMessage>
 </run>
 <run>
  <RunDate>2016-06-27 13:32:54.842 -0600</RunDate>
  <Status>Success</Status>
  <Duration>0.017789</Duration>
  <Errors>0</Errors>
  <Warnings>9</Warnings>
  <Exceptions>0</Exceptions>
  <Successes>3</Successes>
  <LogFile>20160627_133254.842/LogFile.txt</LogFile>
  <ReturnValue></ReturnValue>
  <ErrorMessage></ErrorMessage>
 </run>
 <run>
  <RunDate>2016-06-27 13:33:16.583 -0600</RunDate>
  <Status>Success</Status>
  <Duration>0.015404</Duration>
  <Errors>0</Errors>
  <Warnings>0</Warnings>
  <Exceptions>0</Exceptions>
  <Successes>6</Successes>
  <LogFile>20160627_133316.583/LogFile.txt</LogFile>
  <ReturnValue></ReturnValue>
  <ErrorMessage></ErrorMessage>
 </run>
 <run>
  <RunDate>2016-06-27 14:15:55.640 -0600</RunDate>
  <Status>Success</Status>
  <Duration>0.016742</Duration>
  <Errors>0</Errors>
  <Warnings>0</Warnings>
  <Exceptions>0</Exceptions>
  <Successes>6</Successes>
  <LogFile>20160627_141555.640/LogFile.txt</LogFile>
  <ReturnValue></ReturnValue>
  <ErrorMessage></ErrorMessage>
 </run>
 <run>
  <RunDate>2016-06-28 09:53:59.051 -0600</RunDate>
  <Status>Success</Status>
  <Duration>0.020053</Duration>
  <Errors>0</Errors>
  <Warnings>0</Warnings>
  <Exceptions>0</Exceptions>
  <Successes>9</Successes>
  <LogFile>20160628_095359.051/LogFile.txt</LogFile>
  <ReturnValue></ReturnValue>
  <ErrorMessage></ErrorMessage>
 </run>
 <run>
  <RunDate>2016-06-29 15:31:57.462 -0600</RunDate>
  <Status>Success</Status>
  <Duration>0.026731</Duration>
  <Errors>0</Errors>
  <Warnings>0</Warnings>
  <Exceptions>0</Exceptions>
  <Successes>9</Successes>
  <LogFile>20160629_153157.462/LogFile.txt</LogFile>
  <ReturnValue></ReturnValue>
  <ErrorMessage></ErrorMessage>
 </run>
</runHistory>
