﻿<?xml version="1.0"?>
<runHistory script="Background1-Feature">
 <run>
  <RunDate>2016-06-06 15:49:14.408 -0600</RunDate>
  <Status>Success</Status>
  <Duration>0.008555</Duration>
  <Errors>0</Errors>
  <Warnings>3</Warnings>
  <Exceptions>0</Exceptions>
  <Successes>1</Successes>
  <LogFile>20160606_154914.408/LogFile.txt</LogFile>
  <ReturnValue></ReturnValue>
  <ErrorMessage></ErrorMessage>
 </run>
 <run>
  <RunDate>2016-06-06 15:49:56.559 -0600</RunDate>
  <Status>Success</Status>
  <Duration>0.015813</Duration>
  <Errors>0</Errors>
  <Warnings>3</Warnings>
  <Exceptions>0</Exceptions>
  <Successes>1</Successes>
  <LogFile>20160606_154956.559/LogFile.txt</LogFile>
  <ReturnValue></ReturnValue>
  <ErrorMessage></ErrorMessage>
 </run>
 <run>
  <RunDate>2016-06-08 13:05:11.227 -0600</RunDate>
  <Status>Success</Status>
  <Duration>0.008890</Duration>
  <Errors>0</Errors>
  <Warnings>3</Warnings>
  <Exceptions>0</Exceptions>
  <Successes>1</Successes>
  <LogFile>20160608_130511.227/LogFile.txt</LogFile>
  <ReturnValue></ReturnValue>
  <ErrorMessage></ErrorMessage>
 </run>
 <run>
  <RunDate>2016-06-20 14:32:58.063 -0600</RunDate>
  <Status>Success</Status>
  <Duration>0.009204</Duration>
  <Errors>0</Errors>
  <Warnings>2</Warnings>
  <Exceptions>0</Exceptions>
  <Successes>1</Successes>
  <LogFile>20160620_143258.063/LogFile.txt</LogFile>
  <ReturnValue></ReturnValue>
  <ErrorMessage></ErrorMessage>
 </run>
 <run>
  <RunDate>2016-06-20 14:33:45.771 -0600</RunDate>
  <Status>Success</Status>
  <Duration>0.012359</Duration>
  <Errors>0</Errors>
  <Warnings>0</Warnings>
  <Exceptions>0</Exceptions>
  <Successes>2</Successes>
  <LogFile>20160620_143345.771/LogFile.txt</LogFile>
  <ReturnValue></ReturnValue>
  <ErrorMessage></ErrorMessage>
 </run>
 <run>
  <RunDate>2016-06-20 14:36:39.068 -0600</RunDate>
  <Status>Success</Status>
  <Duration>0.010458</Duration>
  <Errors>0</Errors>
  <Warnings>3</Warnings>
  <Exceptions>0</Exceptions>
  <Successes>1</Successes>
  <LogFile>20160620_143639.068/LogFile.txt</LogFile>
  <ReturnValue></ReturnValue>
  <ErrorMessage></ErrorMessage>
 </run>
 <run>
  <RunDate>2016-06-20 14:40:37.577 -0600</RunDate>
  <Status>Failure</Status>
  <Duration>0.024752</Duration>
  <Errors>2</Errors>
  <Warnings>0</Warnings>
  <Exceptions>0</Exceptions>
  <Successes>2</Successes>
  <LogFile>20160620_144037.577/LogFile.txt</LogFile>
  <ReturnValue></ReturnValue>
  <ErrorMessage>SenseTalk Runtime Exception -- Invalid operands: can&#x27;t subtract &#x27;num&#x27; from &#x27;num&#x27; (expected numbers, date and number, or lists)</ErrorMessage>
 </run>
 <run>
  <RunDate>2016-06-20 14:41:04.990 -0600</RunDate>
  <Status>Failure</Status>
  <Duration>0.025762</Duration>
  <Errors>2</Errors>
  <Warnings>0</Warnings>
  <Exceptions>0</Exceptions>
  <Successes>2</Successes>
  <LogFile>20160620_144104.990/LogFile.txt</LogFile>
  <ReturnValue></ReturnValue>
  <ErrorMessage>SenseTalk Runtime Exception -- Invalid operands: can&#x27;t subtract &#x27;num&#x27; from &#x27;num&#x27; (expected numbers, date and number, or lists)</ErrorMessage>
 </run>
 <run>
  <RunDate>2016-06-20 14:41:39.930 -0600</RunDate>
  <Status>Failure</Status>
  <Duration>0.028777</Duration>
  <Errors>2</Errors>
  <Warnings>0</Warnings>
  <Exceptions>0</Exceptions>
  <Successes>2</Successes>
  <LogFile>20160620_144139.930/LogFile.txt</LogFile>
  <ReturnValue></ReturnValue>
  <ErrorMessage>SenseTalk Runtime Exception -- Invalid operands: can&#x27;t subtract &#x27;num&#x27; from &#x27;num&#x27; (expected numbers, date and number, or lists)</ErrorMessage>
 </run>
 <run>
  <RunDate>2016-06-20 14:42:16.159 -0600</RunDate>
  <Status>Failure</Status>
  <Duration>0.027935</Duration>
  <Errors>2</Errors>
  <Warnings>0</Warnings>
  <Exceptions>0</Exceptions>
  <Successes>2</Successes>
  <LogFile>20160620_144216.159/LogFile.txt</LogFile>
  <ReturnValue></ReturnValue>
  <ErrorMessage>SenseTalk Runtime Exception -- Invalid operands: can&#x27;t subtract &#x27;num&#x27; from &#x27;num&#x27; (expected numbers, date and number, or lists)</ErrorMessage>
 </run>
 <run>
  <RunDate>2016-06-20 14:43:11.660 -0600</RunDate>
  <Status>Failure</Status>
  <Duration>0.026849</Duration>
  <Errors>2</Errors>
  <Warnings>0</Warnings>
  <Exceptions>0</Exceptions>
  <Successes>2</Successes>
  <LogFile>20160620_144311.660/LogFile.txt</LogFile>
  <ReturnValue></ReturnValue>
  <ErrorMessage>SenseTalk Runtime Exception -- Invalid operands: can&#x27;t subtract &#x27;num&#x27; from &#x27;num&#x27; (expected numbers, date and number, or lists)</ErrorMessage>
 </run>
 <run>
  <RunDate>2016-06-20 14:43:49.580 -0600</RunDate>
  <Status>Failure</Status>
  <Duration>0.073018</Duration>
  <Errors>3</Errors>
  <Warnings>0</Warnings>
  <Exceptions>0</Exceptions>
  <Successes>4</Successes>
  <LogFile>20160620_144349.580/LogFile.txt</LogFile>
  <ReturnValue></ReturnValue>
  <ErrorMessage>STInvalidNumber -- Value is not a number: &#x27;num&#x27;</ErrorMessage>
 </run>
 <run>
  <RunDate>2016-06-20 14:44:52.493 -0600</RunDate>
  <Status>Success</Status>
  <Duration>0.021687</Duration>
  <Errors>0</Errors>
  <Warnings>0</Warnings>
  <Exceptions>0</Exceptions>
  <Successes>6</Successes>
  <LogFile>20160620_144452.493/LogFile.txt</LogFile>
  <ReturnValue></ReturnValue>
  <ErrorMessage></ErrorMessage>
 </run>
 <run>
  <RunDate>2016-06-20 14:45:31.237 -0600</RunDate>
  <Status>Success</Status>
  <Duration>0.021334</Duration>
  <Errors>0</Errors>
  <Warnings>0</Warnings>
  <Exceptions>0</Exceptions>
  <Successes>6</Successes>
  <LogFile>20160620_144531.237/LogFile.txt</LogFile>
  <ReturnValue></ReturnValue>
  <ErrorMessage></ErrorMessage>
 </run>
 <run>
  <RunDate>2016-06-20 14:47:21.702 -0600</RunDate>
  <Status>Success</Status>
  <Duration>0.024013</Duration>
  <Errors>0</Errors>
  <Warnings>0</Warnings>
  <Exceptions>0</Exceptions>
  <Successes>6</Successes>
  <LogFile>20160620_144721.702/LogFile.txt</LogFile>
  <ReturnValue></ReturnValue>
  <ErrorMessage></ErrorMessage>
 </run>
 <run>
  <RunDate>2016-06-20 14:48:24.686 -0600</RunDate>
  <Status>Success</Status>
  <Duration>0.022540</Duration>
  <Errors>0</Errors>
  <Warnings>0</Warnings>
  <Exceptions>0</Exceptions>
  <Successes>6</Successes>
  <LogFile>20160620_144824.686/LogFile.txt</LogFile>
  <ReturnValue></ReturnValue>
  <ErrorMessage></ErrorMessage>
 </run>
 <run>
  <RunDate>2016-06-20 14:49:42.081 -0600</RunDate>
  <Status>Success</Status>
  <Duration>0.022020</Duration>
  <Errors>0</Errors>
  <Warnings>0</Warnings>
  <Exceptions>0</Exceptions>
  <Successes>6</Successes>
  <LogFile>20160620_144942.081/LogFile.txt</LogFile>
  <ReturnValue></ReturnValue>
  <ErrorMessage></ErrorMessage>
 </run>
 <run>
  <RunDate>2016-06-20 14:49:49.878 -0600</RunDate>
  <Status>Success</Status>
  <Duration>0.022160</Duration>
  <Errors>0</Errors>
  <Warnings>0</Warnings>
  <Exceptions>0</Exceptions>
  <Successes>6</Successes>
  <LogFile>20160620_144949.878/LogFile.txt</LogFile>
  <ReturnValue></ReturnValue>
  <ErrorMessage></ErrorMessage>
 </run>
 <run>
  <RunDate>2016-06-20 14:51:54.698 -0600</RunDate>
  <Status>Success</Status>
  <Duration>0.021787</Duration>
  <Errors>0</Errors>
  <Warnings>0</Warnings>
  <Exceptions>0</Exceptions>
  <Successes>6</Successes>
  <LogFile>20160620_145154.698/LogFile.txt</LogFile>
  <ReturnValue></ReturnValue>
  <ErrorMessage></ErrorMessage>
 </run>
 <run>
  <RunDate>2016-06-20 14:52:13.717 -0600</RunDate>
  <Status>Success</Status>
  <Duration>0.023005</Duration>
  <Errors>0</Errors>
  <Warnings>0</Warnings>
  <Exceptions>0</Exceptions>
  <Successes>6</Successes>
  <LogFile>20160620_145213.717/LogFile.txt</LogFile>
  <ReturnValue></ReturnValue>
  <ErrorMessage></ErrorMessage>
 </run>
 <run>
  <RunDate>2016-06-20 14:56:36.888 -0600</RunDate>
  <Status>Success</Status>
  <Duration>0.022863</Duration>
  <Errors>0</Errors>
  <Warnings>0</Warnings>
  <Exceptions>0</Exceptions>
  <Successes>6</Successes>
  <LogFile>20160620_145636.888/LogFile.txt</LogFile>
  <ReturnValue></ReturnValue>
  <ErrorMessage></ErrorMessage>
 </run>
 <run>
  <RunDate>2016-06-20 15:07:31.331 -0600</RunDate>
  <Status>Failure</Status>
  <Duration>0.025839</Duration>
  <Errors>4</Errors>
  <Warnings>0</Warnings>
  <Exceptions>0</Exceptions>
  <Successes>3</Successes>
  <LogFile>20160620_150731.331/LogFile.txt</LogFile>
  <ReturnValue></ReturnValue>
  <ErrorMessage>STInvalidNumber -- Value is not a number: &#x27;(script:return &amp; ...&#x27;</ErrorMessage>
 </run>
 <run>
  <RunDate>2016-06-20 15:07:58.419 -0600</RunDate>
  <Status>Failure</Status>
  <Duration>0.021575</Duration>
  <Errors>4</Errors>
  <Warnings>0</Warnings>
  <Exceptions>0</Exceptions>
  <Successes>3</Successes>
  <LogFile>20160620_150758.419/LogFile.txt</LogFile>
  <ReturnValue></ReturnValue>
  <ErrorMessage>STInvalidNumber -- Value is not a number: &#x27;(script:return &amp; ...&#x27;</ErrorMessage>
 </run>
 <run>
  <RunDate>2016-06-20 15:08:59.801 -0600</RunDate>
  <Status>Success</Status>
  <Duration>0.008098</Duration>
  <Errors>0</Errors>
  <Warnings>0</Warnings>
  <Exceptions>0</Exceptions>
  <Successes>1</Successes>
  <LogFile>20160620_150859.801/LogFile.txt</LogFile>
  <ReturnValue></ReturnValue>
  <ErrorMessage></ErrorMessage>
 </run>
 <run>
  <RunDate>2016-06-20 15:09:08.149 -0600</RunDate>
  <Status>Success</Status>
  <Duration>0.007204</Duration>
  <Errors>0</Errors>
  <Warnings>0</Warnings>
  <Exceptions>0</Exceptions>
  <Successes>1</Successes>
  <LogFile>20160620_150908.149/LogFile.txt</LogFile>
  <ReturnValue></ReturnValue>
  <ErrorMessage></ErrorMessage>
 </run>
 <run>
  <RunDate>2016-06-20 16:46:43.930 -0600</RunDate>
  <Status>Success</Status>
  <Duration>0.008789</Duration>
  <Errors>0</Errors>
  <Warnings>0</Warnings>
  <Exceptions>0</Exceptions>
  <Successes>1</Successes>
  <LogFile>20160620_164643.930/LogFile.txt</LogFile>
  <ReturnValue></ReturnValue>
  <ErrorMessage></ErrorMessage>
 </run>
 <run>
  <RunDate>2016-06-20 16:46:47.517 -0600</RunDate>
  <Status>Success</Status>
  <Duration>0.006893</Duration>
  <Errors>0</Errors>
  <Warnings>0</Warnings>
  <Exceptions>0</Exceptions>
  <Successes>1</Successes>
  <LogFile>20160620_164647.517/LogFile.txt</LogFile>
  <ReturnValue></ReturnValue>
  <ErrorMessage></ErrorMessage>
 </run>
 <run>
  <RunDate>2016-06-20 16:47:53.578 -0600</RunDate>
  <Status>Success</Status>
  <Duration>0.013494</Duration>
  <Errors>0</Errors>
  <Warnings>0</Warnings>
  <Exceptions>0</Exceptions>
  <Successes>1</Successes>
  <LogFile>20160620_164753.578/LogFile.txt</LogFile>
  <ReturnValue></ReturnValue>
  <ErrorMessage></ErrorMessage>
 </run>
 <run>
  <RunDate>2016-06-20 16:48:49.052 -0600</RunDate>
  <Status>Success</Status>
  <Duration>0.014330</Duration>
  <Errors>0</Errors>
  <Warnings>0</Warnings>
  <Exceptions>0</Exceptions>
  <Successes>1</Successes>
  <LogFile>20160620_164849.052/LogFile.txt</LogFile>
  <ReturnValue></ReturnValue>
  <ErrorMessage></ErrorMessage>
 </run>
 <run>
  <RunDate>2016-06-20 16:49:10.562 -0600</RunDate>
  <Status>Success</Status>
  <Duration>0.011746</Duration>
  <Errors>0</Errors>
  <Warnings>0</Warnings>
  <Exceptions>0</Exceptions>
  <Successes>1</Successes>
  <LogFile>20160620_164910.562/LogFile.txt</LogFile>
  <ReturnValue></ReturnValue>
  <ErrorMessage></ErrorMessage>
 </run>
 <run>
  <RunDate>2016-06-20 16:51:40.330 -0600</RunDate>
  <Status>Success</Status>
  <Duration>0.014322</Duration>
  <Errors>0</Errors>
  <Warnings>0</Warnings>
  <Exceptions>0</Exceptions>
  <Successes>2</Successes>
  <LogFile>20160620_165140.330/LogFile.txt</LogFile>
  <ReturnValue></ReturnValue>
  <ErrorMessage></ErrorMessage>
 </run>
 <run>
  <RunDate>2016-06-20 16:52:46.615 -0600</RunDate>
  <Status>Success</Status>
  <Duration>0.012300</Duration>
  <Errors>0</Errors>
  <Warnings>0</Warnings>
  <Exceptions>0</Exceptions>
  <Successes>1</Successes>
  <LogFile>20160620_165246.615/LogFile.txt</LogFile>
  <ReturnValue></ReturnValue>
  <ErrorMessage></ErrorMessage>
 </run>
 <run>
  <RunDate>2016-06-20 16:53:37.547 -0600</RunDate>
  <Status>Success</Status>
  <Duration>0.015810</Duration>
  <Errors>0</Errors>
  <Warnings>0</Warnings>
  <Exceptions>0</Exceptions>
  <Successes>2</Successes>
  <LogFile>20160620_165337.547/LogFile.txt</LogFile>
  <ReturnValue></ReturnValue>
  <ErrorMessage></ErrorMessage>
 </run>
</runHistory>
